Question,Location,Price
Can you recommend any affordable restaurants in New York?,New York,Low
What are some good restaurants in San Francisco that are reasonably priced?,San Francisco,Medium
Where can I find upscale restaurants in Los Angeles?,Los Angeles,High
What are some inexpensive restaurants in Miami that are worth checking out?,Miami,Low
Can you suggest any good restaurants in Chicago that are not too expensive?,Chicago,Medium
What are some high-end restaurants in Boston that offer exceptional cuisine?,Boston,High
Where can I find cheap but delicious restaurants in Seattle?,Seattle,Low
What are some moderately priced restaurants in Austin that are popular with locals?,Austin,Medium
What are some of the most expensive restaurants in Houston that are worth the price?,Houston,High
Can you recommend any affordable restaurants in Portland that offer great food?,Portland,Low
What are some good restaurants in Denver that are reasonably priced?,Denver,Medium
Where can I find upscale restaurants in Atlanta that offer a fine dining experience?,Atlanta,High
What are some inexpensive restaurants in Phoenix that are worth trying?,Phoenix,Low
Can you suggest any good restaurants in Nashville that won't break the bank?,Nashville,Medium
What are some high-end restaurants in San Diego that offer exceptional cuisine?,San Diego,High
Where can I find cheap but delicious restaurants in Dallas?,Dallas,Low
What are some moderately priced restaurants in Philadelphia that offer great food?,Philadelphia,Medium
What are some of the most expensive restaurants in Minneapolis that are worth the price?,Minneapolis,High
Can you recommend any affordable restaurants in San Antonio that offer great food?,San Antonio,Low
What are some good restaurants in Las Vegas that are reasonably priced?,Las Vegas,Medium
Where can I find upscale restaurants in New Orleans that offer a fine dining experience?,New Orleans,High
What are some inexpensive restaurants in Washington DC that are worth trying?,Washington DC,Low
Can you suggest any good restaurants in Raleigh that won't break the bank?,Raleigh,Medium
What are some high-end restaurants in St. Louis that offer exceptional cuisine?,St. Louis,High
Where can I find cheap but delicious restaurants in Charlotte?,Charlotte,Low
What are some moderately priced restaurants in Pittsburgh that offer great food?,Pittsburgh,Medium
What are some of the most expensive restaurants in Tampa that are worth the price?,Tampa,High
Can you recommend any affordable restaurants in Cincinnati that offer great food?,Cincinnati,Low
What are some good restaurants in Orlando that are reasonably priced?,Orlando,Medium
Where can I find upscale restaurants in Salt Lake City that offer a fine dining experience?,Salt Lake City,High
What are some inexpensive restaurants in Indianapolis that are worth trying?,Indianapolis,Low
Can you suggest any good restaurants in Kansas City that won't break the bank?,Kansas City,Medium
What are some high-end restaurants in Rochester that offer exceptional cuisine?,Rochester,High
Where can I find cheap but delicious restaurants in Columbus?,Columbus,Low
What are some moderately priced restaurants in Milwaukee that offer great food?,Milwaukee,Medium
What are some of the most expensive restaurants in Baltimore that are worth the price?,Baltimore,High
Can you recommend any affordable restaurants in Oklahoma City that offer great food?,Oklahoma City,Low
What are some good restaurants in Memphis that are reasonably priced?,Memphis,Medium
Where can I find upscale restaurants in Providence that offer a fine dining experience?,Providence,High
What are some inexpensive restaurants in Louisville that are worth trying?,Louisville,Low
Can you recommend any affordable restaurants in Stockholm?,Stockholm,low
What are some good restaurants in Gothenburg that are reasonably priced?,Gothenburg,medium
Where can I find some upscale restaurants in Malmo?,Malmo,high
Are there any good restaurants in Uppsala that won't break the bank?,Uppsala,low
What are some mid-range restaurants in Norrkoping that you would recommend?,Norrkoping,medium
Can you suggest any high-end restaurants in Linkoping?,Linkoping,high
Where can I find some cheap eats in Lund?,Lund,low
What are some good restaurants in Helsingborg that are moderately priced?,Helsingborg,medium
What are the best fine dining restaurants in Jonkoping?,Jonkoping,high
Where can I find some affordable restaurants in Vaxjo?,Vaxjo,low
Are there any good restaurants in Gavle that are not too expensive?,Gavle,medium
What are some upscale restaurants in Sodertalje that are worth checking out?,Sodertalje,high
Can you recommend any inexpensive restaurants in Karlstad?,Karlstad,low
What are some good restaurants in Taby that are not too pricey?,Taby,medium
Where can I find some top-rated restaurants in Orebro?,Orebro,high
What are some budget-friendly restaurants in Upplands-Vasby?,Upplands-Vasby,low
What are some restaurants in Sundsvall that are reasonably priced?,Sundsvall,medium
Can you suggest any high-end restaurants in Ostersund?,Ostersund,high
Where can I find some affordable places to eat in Nykoping?,Nykoping,low
Are there any good restaurants in Skelleftea that won't break the bank?,Skelleftea,medium
What are some of the best fine dining restaurants in Trollhattan?,Trollhattan,high
Can you recommend any cheap eats in Eskilstuna?,Eskilstuna,low
What are some good restaurants in Visby that are moderately priced?,Visby,medium
Where can I find some upscale restaurants in Falun?,Falun,high
What are some inexpensive restaurants in Kiruna that you would recommend?,Kiruna,low
What are some restaurants in Sollentuna that are not too pricey?,Sollentuna,medium
What are the best high-end restaurants in Varberg?,Varberg,high
Can you suggest any budget-friendly restaurants in Halmstad?,Halmstad,low
What are some good restaurants in Lidingo that are not too expensive?,Lidingo,medium
Where can I find some top-rated restaurants in Nacka?,Nacka,high
What are some cheap eats in Alingsas that are worth trying?,Alingsas,low
Are there any good restaurants in Varnamo that are reasonably priced?,Varnamo,medium
What are some upscale restaurants in Kristianstad that are worth checking out?,Kristianstad,high
Where can I find some affordable restaurants in Kungalv?,Kungalv,low
What are some good restaurants in Trelleborg that won't break the bank?,Trelleborg,medium
What are some of the best fine dining restaurants in Akersberga?,Akersberga,high
Can you recommend any inexpensive restaurants in Kinna?,Kinna,low
What are some restaurants in Kungsbacka that are moderately priced?,Kungsbacka,medium
Where can I find affordable restaurants in Paris?,Paris,low
What are some budget-friendly restaurants in Paris?,Paris,low
Can you recommend some cheap eats in Paris?,Paris,low
Are there any good restaurants in Paris that won't break the bank?,Paris,low
What's the best budget restaurant in Paris?,Paris,low
What are some good mid-range restaurants in Rome?,Rome,mid
Where can I find restaurants with reasonable prices in Rome?,Rome,mid
Can you recommend some affordable Italian restaurants in Rome?,Rome,mid
Are there any good restaurants in Rome that are not too expensive?,Rome,mid
What's the best value-for-money restaurant in Rome?,Rome,mid
What are some high-end restaurants in Barcelona?,Barcelona,high
Where can I find fancy restaurants in Barcelona?,Barcelona,high
Can you recommend some upscale dining options in Barcelona?,Barcelona,high
Are there any good fine-dining restaurants in Barcelona?,Barcelona,high
What's the best restaurant for a special occasion in Barcelona?,Barcelona,high
What are some affordable restaurants in Amsterdam?,Amsterdam,low
Where can I find budget-friendly restaurants in Amsterdam?,Amsterdam,low
Can you recommend some cheap eats in Amsterdam?,Amsterdam,low
Are there any good restaurants in Amsterdam that won't break the bank?,Amsterdam,low
What's the best budget restaurant in Amsterdam?,Amsterdam,low
What are some good mid-range restaurants in Vienna?,Vienna,mid
Where can I find restaurants with reasonable prices in Vienna?,Vienna,mid
Can you recommend some affordable Austrian restaurants in Vienna?,Vienna,mid
Are there any good restaurants in Vienna that are not too expensive?,Vienna,mid
What's the best value-for-money restaurant in Vienna?,Vienna,mid
What are some high-end restaurants in London?,London,high
Where can I find fancy restaurants in London?,London,high
Can you recommend some upscale dining options in London?,London,high
Are there any good fine-dining restaurants in London?,London,high
What's the best restaurant for a special occasion in London?,London,high
What are some affordable restaurants in Berlin?,Berlin,low
Where can I find budget-friendly restaurants in Berlin?,Berlin,low
Can you recommend some cheap eats in Berlin?,Berlin,low
Are there any good restaurants in Berlin that won't break the bank?,Berlin,low
What's the best budget restaurant in Berlin?,Berlin,low
What are some good mid-range restaurants in Athens?,Athens,mid
Where can I find restaurants with reasonable prices in Athens?,Athens,mid
Can you recommend some affordable Greek restaurants in Athens?,Athens,mid
Are there any good restaurants in Athens that are not too expensive?,Athens,mid
What's the best value-for-money restaurant in Athens?,Athens,mid
What are some high-end restaurants in Madrid?,Madrid,high
Where can I find fancy restaurants in Madrid?,Madrid,high
Can you recommend some upscale dining options in Madrid?,Madrid,high
Are there any good fine-dining restaurants in Madrid?,Madrid,high
What's the best restaurant for a special occasion in Madrid?,Madrid,high
What are some affordable restaurants in Brussels?,Brussels,low
Where can I find budget-friendly restaurants in Brussels?,Brussels,low
Can you recommend some cheap eats in Brussels?,Brussels,low
Are there any good restaurants in Brussels that won't break the bank?,Brussels,low
What's the best budget restaurant in Brussels?,Brussels,low
What are some good mid-range restaurants in Lisbon?,Lisbon,mid
Where can I find restaurants with reasonable prices in Lisbon?,Lisbon,mid
Can you recommend some affordable Portuguese restaurants in Lisbon?,Lisbon,mid
Are there any good restaurants in Lisbon that are not too expensive?,Lisbon,mid
What's the best value-for-money restaurant in Lisbon?,Lisbon,mid
What are some high-end restaurants in Copenhagen?,Copenhagen,high
Where can I find fancy restaurants in Copenhagen?,Copenhagen,high
Can you recommend some upscale dining options in Copenhagen?,Copenhagen,high
Are there any good fine-dining restaurants in Copenhagen?,Copenhagen,high
What's the best restaurant for a special occasion in Copenhagen?,Copenhagen,high
What are some affordable restaurants in Stockholm?,Stockholm,low
Where can I find budget-friendly restaurants in Stockholm?,Stockholm,low
Can you recommend some cheap eats in Stockholm?,Stockholm,low
Are there any good restaurants in Stockholm that won't break the bank?,Stockholm,low
What's the best budget restaurant in Stockholm?,Stockholm,low